First Name,Last Name,Email ID,Phone Number,Password
Antonio,Shepherd,nicolespencer@richards.com,8453430801,&6hSqNxFLn
Gary,Solis,amy42@hotmail.com,9149833482,@v1bZFlA@t
Amanda,Adams,dlawson@yahoo.com,7113682288,%5^ApS71*a
Kimberly,Guzman,deborah28@holt-escobar.com,9761249812,M4hspwfs__
Patrick,Williams,kcruz@koch.biz,7733502709,Rjs0uTGf+n
Danielle,Hernandez,yrice@williams.org,8561973628,)YMvVbc0a6
Denise,Friedman,christinechambers@odom.com,7297108185,_R7sJI9de&
Kelly,Rose,christina54@snyder.net,9714643346,23SZnOdJ_X
Stephanie,Jackson,emilyperez@hart.com,6825683719,#T1PAmg)u2
Melissa,Yoder,jocelyn74@gmail.com,7762343674,1O3^OiHx)a
Phillip,Cobb,leonardrichard@yahoo.com,6795181798,&3PS#cJ%yn
Crystal,Smith,xfry@hotmail.com,6506160448,%ALdvgTWO4
Charles,Brewer,desireesantiago@flores.biz,8802055697,i^@D4LuHCO
Olivia,Garcia,dustin17@parks-schneider.org,8427827822,(NckCIHyK7
Christopher,Mcclain,debrastewart@yahoo.com,8943554493,O_0je6CteK
Kristina,Griffith,keithwade@yahoo.com,7758178175,ry3rDHGf#C
Jacqueline,Miller,candrews@yahoo.com,8938542240,5V0EiV6i@_
Nathan,Hudson,owatson@miles.net,7242354566,)2S3pqsikX
Jeremy,Johnson,tylerkristen@hunt-scott.org,7001597584,(7_BZh5&Ts
Lawrence,Morrow,taylor88@sanchez-burke.com,8261386062,FS57KMia#u
Jennifer,Rhodes,mariaritter@hotmail.com,9393887238,%(5)kTWy$q
Joshua,Allen,raymondgibbs@taylor.com,9544766711,6PJuRYiq_2
Anthony,Lyons,zgreer@patel-ward.com,8420774367,!mj2Ujr%2j
Susan,Young,bridget67@hotmail.com,7530621877,Oom)c#Fv&9
Charles,Bowers,acarpenter@daniel.com,8527435628,^bm3GytZr_
Matthew,Bradley,nelsonjohn@vang-callahan.com,9298398951,&9kCZa2gsn
Christopher,Johnson,woodmatthew@hotmail.com,9993190016,jNzn7v^5(0
Joe,Scott,jamie16@haas.info,7659684574,A#Q5Sv(xwX
Nicole,Powell,tanya63@gmail.com,6346233059,(Q_3clFi!b
Vanessa,Walter,ncarter@fowler.com,8554485967,q(7wgLNcS^
Justin,Foster,annereed@yahoo.com,6256756313,B%2H2_b(!(
Christine,Moss,mosstheresa@williams.org,7412540842,^Zz4Yici97
Stacy,Davis,jonathan41@gmail.com,8367051452,Y)+5H%b^l1
Amber,Garrett,nicholaskline@yahoo.com,7693290016,#e5Urzlumq
Jacob,Brown,ryanheather@yahoo.com,7879886447,@P2NeBnzA)
Jeremy,Pratt,sarah01@allison.com,8236273558,nB1OLwh_&0
Yolanda,Mccarthy,aliciacamacho@hotmail.com,7468065396,fhqf1CFf($
Veronica,Jackson,jgomez@gmail.com,6278330878,636NdfJK9%
John,Mccarthy,ashleylong@hotmail.com,6129529088,s1!MaF!a^d
Anna,Gibson,gina75@hotmail.com,6460190427,Q!9H0YHlmC
Theresa,Davila,mary57@hotmail.com,9804310366,*zo^+BKQk2
Kayla,Garza,mirandarobert@hotmail.com,7494935169,^0WNnwQeiL
George,Blake,weaverchristine@sellers-harmon.info,8192299521,o8QQ1ytm&8
Aaron,Nunez,linda37@hotmail.com,7815082272,G8JUF^$j(P
Savannah,Thomas,afitzgerald@gmail.com,8288236646,+N7HOtt3h^
William,Campbell,diana14@hotmail.com,8605632190,+G3H22EoC*
Holly,Peters,ppowell@yahoo.com,9288044403,+0yAeaYjxV
Jennifer,Williamson,mooremichelle@sanchez.com,9904439505,u1BshC4))Q
Cody,Ramirez,courtneyparrish@hotmail.com,8095264202,f&p5RbUc!8
Kendra,Williams,gardnerdavid@gmail.com,7985463640,$S86TY+Bj9
Amanda,Gentry,alexander40@yahoo.com,7537682506,*Gv#zMawL6
Samantha,Owens,hcampbell@torres.info,8964850897,44r6U_%d@S
Maria,Gonzalez,lrivera@peters.net,9725419689,kzT1LSgi^D
Wesley,Martin,tgarza@gmail.com,8309908499,#X!jqBf6o6
Sarah,King,kimberly94@gonzalez-green.biz,6499360063,$c*7Zo*DVg
Elizabeth,Smith,christopher09@nichols.net,6896108016,%0pJppdu*1
Cathy,Edwards,uwu@yahoo.com,9999176880,R2c1X+!g)m
Virginia,Reyes,tyler22@hotmail.com,7981988092,056sMkdu)s
Craig,Clark,alexisgonzalez@hotmail.com,7223426178,@%QeM#WeQ2
Ann,Jensen,christine52@hotmail.com,9587192582,j19Z*U#q%l
Joshua,Richards,agilbert@carney-rivera.info,9865852132,j8J4dQDj#I
Katherine,Mcgee,candicelong@gmail.com,6816082812,)O6GPZcd9)
Courtney,Little,michaeldavis@gmail.com,9777274655,&8l2+XnRRp
Jessica,Coleman,perkinsjerry@gmail.com,7744201555,!+)#4J1tD!
Scott,Cabrera,dpatel@gmail.com,8611998172,@R3CsIylKl
James,Collier,michael26@smith.com,9931425856,&11_qjNQvS
Nicholas,Turner,coxwanda@gmail.com,9859851659,$HM&lecp%8
Deborah,Pham,santoscarrie@larsen.com,8311718443,wofU2BtY*V
Micheal,Reed,leecarmen@ross.info,8671776550,fj+o*C%3^2
Lori,Holland,jensentina@murphy.biz,9698708021,H+1N%R8g9E
Jason,Brown,jjones@king.com,6265514801,%kFBAb&3o9
David,Zimmerman,wpeterson@wright.biz,6753049459,_8Y^HolXQ*
John,Banks,iwhite@gmail.com,8386102785,&GNxdIaEx9
Jeffery,Reilly,proberts@jimenez.com,8301896401,4m!DwkUZ!o
Scott,Williams,angela45@gmail.com,7611712583,+3_SkHor*3
Robert,Schultz,christophergonzalez@gmail.com,8009075249,gG$3YohGt%
Lori,Smith,ubriggs@yahoo.com,7009786146,mQ3xMZaia&
Brittney,Baker,michael29@gmail.com,6137714023,&)2FsGd7Kf
Jose,Browning,williamsantiago@gmail.com,6157104148,!15Fg5z4!#
Carlos,Holt,btravis@gmail.com,7931571836,(V2Xxumu79
Brian,Moore,ellisjeffrey@hodges-carter.info,8992075916,J1PcrBiy_(
Calvin,Cooper,laurieharrison@bell.com,6236968538,GIA8V3Eng+
Colton,Mckenzie,kathy54@stanley.net,7597702631,8@c5C4PdBy
Connie,Sims,patelriley@armstrong.net,9117024826,_3QVic8Mp+
Dawn,Mckenzie,zchen@robinson-miller.com,9654678580,4v*1EC^w&e
Courtney,Martinez,greenamy@horn.info,8954494321,(r0VxYhM*x
Amber,Richardson,curtismcdonald@gmail.com,7621007305,u%518SUwrf
Steven,Owens,susan86@snyder.com,6119277884,!7Npb%LWw+
Sean,Fischer,rhill@mcclain-anderson.info,7649382265,*m1Stp1Eoi
Gregory,Wilson,woodardchristopher@hotmail.com,9814240406,dzJf59Zjj!
Rachel,Davidson,melvin47@martinez.biz,7176092564,P1Y@Hd@V(7
Olivia,Evans,uhubbard@gmail.com,7224197065,HT&1Vzri7L
Michelle,Warren,jonesscott@harris-oneill.com,7240812937,*(C8GlQwTY
Jessica,Stout,mariafletcher@wilson.com,6586211353,BM4L+@fK7*
Timothy,Taylor,kpalmer@wilson-fitzgerald.com,6932848447,lK3cDIi1%o
Tiffany,Rogers,weaverdonald@hotmail.com,8234037349,$08)HMo0Kd
Robert,Cohen,lynn16@andrews.com,6750221066,m6(Erpm9^l
Jill,Vazquez,gherring@gmail.com,6681894545,8D9ORbOOs%
Kayla,Jordan,ibarber@gmail.com,8264870074,80%xHReK!J
Joann,George,timothy28@torres-roberts.com,7313468496,3+U!1qg5*2
Brittney,Jackson,mclaughlinamy@luna-rivera.com,7308240687,7DA0UnF+!o
Angela,Drake,helen33@hernandez.org,8552603773,f!33W+CjfK
Michelle,David,watsonsamantha@hotmail.com,7054188375,3*@GMHwq+x
Maria,Davis,lewismelissa@harvey.com,6497867766,^1*ZNF%xIw
Barbara,Hall,michael72@mclean.com,9456315575,&h!tV8@rY7
Kimberly,Johnson,michaelcharles@chaney.net,6759000845,+fc8KalTJs
Samantha,Burgess,jennifer85@poole.com,8061682209,*B9Gw3t%6Z
Gerald,Mcconnell,warrenjared@hotmail.com,6667308931,#3)1Aapl7T
Julia,Sanchez,emilytorres@gmail.com,9161081409,B%4JQ@mqGy
Jessica,Chambers,taylor15@burns.com,7090646193,cV3wWBh8X*
James,Rogers,emily86@hotmail.com,9751313386,+F1!5Ggoai
Ashley,Wilson,vortega@adkins.com,6898785731,h)(4Bz3NIr
Kim,Haas,pedrohernandez@yahoo.com,9952600574,dA#0Grh$&V
Lisa,Gray,rebeccacastro@yahoo.com,6615667678,2E0UhTKd$m
James,Frey,johnhall@schmidt.net,9803239121,&h)N)HL44a
Jennifer,Mays,timothycaldwell@hotmail.com,6880618337,!i_XGdctv8
Rhonda,Finley,fgray@rojas-rowland.com,9253279836,O^4VgibiA$
Steven,Monroe,villarrealdonna@chapman.com,9493105344,+78TeRew@N
Kelly,Crosby,ashleyparker@hotmail.com,6517727232,a#y3IbSyE)
Jeffrey,Santos,christyparker@hotmail.com,9910648352,A(P6Ab0kt)
Phillip,Harris,brian98@gmail.com,7575254001,(aUTBy#U_1
Michelle,Swanson,pstanley@gmail.com,8222923937,#6h1_H@xVl
Michael,Hicks,qjacobs@yahoo.com,6213771148,Y1yNElHb!k
Jessica,Parrish,angelajensen@duncan-juarez.com,7464162076,)E#@2As9uq
Jonathan,Welch,kmitchell@yahoo.com,7027684725,+5wEmMfp62
Brian,Guzman,tylerherrera@gonzalez-sexton.com,6266483747,zG8&Js!Vv&
Amy,Kelley,jaredbrooks@hart-finley.biz,9829325501,^%g^Oyeoj1
Laura,Phillips,mark45@taylor-scott.com,9181693784,(!NZ11Vxnu
George,Davis,denise84@gmail.com,6965419575,H5ERARSt+K
David,Scott,nicole19@miller.org,9441803612,j#svmEhq@0
Ellen,James,katherine06@thomas.info,7193549708,tE5vn8ksx#
James,Myers,larry44@bowen.com,6438644084,$DYQq_d4(0
Mark,Kelly,johnpatel@powers.com,7075222172,5j8fqRFk&_
Marcus,Wade,zdavis@wilcox.com,6357830912,MA4F3A#gq(
Catherine,Gates,wrightrobin@lee-rogers.info,6160605610,*c_0O9Gr@7
Sharon,Carroll,mweaver@curtis-johnson.net,6788017061,K$6AfQguo6
Jason,Buckley,icrawford@hartman.info,7643941661,@Z1MUIywjW
Christine,Perry,jameskennedy@mcdonald.org,6064506941,%*EGP2Zo4w
Sharon,Allen,sandra88@gmail.com,7501672060,mSLj1IAY$3
Lisa,Soto,sholder@schaefer.org,6373474041,&(5LYErhL8
Renee,Robinson,imccoy@yahoo.com,9683822907,^n02ZU5du6
Thomas,Sharp,rebeccamoore@hotmail.com,9465632271,oi+7rFbo2e
Mitchell,Terry,juliacastaneda@hotmail.com,8108610310,PJ)5Y^zzQ%
Allen,Holland,kcarrillo@fernandez.com,8497731370,N)U2)fD5!u
Richard,Colon,laurenfry@hotmail.com,8309701200,_SV)F7fIy3
Thomas,Sanchez,rbuchanan@gmail.com,7412668786,+IRE(rs4u1
Elizabeth,Terry,brianbush@hotmail.com,7870097465,h*38ZAkl1W
Jack,Parker,hayesvickie@gonzales.com,6218261494,)Ug^5WjRYP
Mary,Larsen,eford@hotmail.com,6898167890,)4J!P)ogKc
Courtney,Miller,thomasreed@gmail.com,8811337874,L!Q4_PkE%+
Kimberly,Stevenson,smithandrea@chapman.com,6324219812,&j6ZtcAkhH
Nicole,Gibson,alexandra59@yahoo.com,6919926733,%2L$4e4VCe
Deborah,Acosta,maria83@gmail.com,6514387890,LG8LiBXq*I
Erika,Trujillo,christopher69@little.org,8580752378,#u007KbtE_
Lisa,Oconnor,cardenastimothy@hernandez.com,6638462412,$8Xtor$Z5^
Elizabeth,Payne,allenchristine@hotmail.com,8768017944,r5HDzt2m#1
Herbert,Bradley,thomas30@gmail.com,6469199958,b(0nNQbT#h
Crystal,Harrison,calvarez@gmail.com,9127579920,y!V^5From4
Calvin,Torres,clee@gibson.net,6127853899,l#7WSwwiJv
Sarah,Ruiz,kjohnson@walker.info,8675753714,NE4k*6JxY!
Rhonda,Thompson,johnsonmegan@clark.com,6633231860,8l2VlbmYA$
Robert,Johnson,qmyers@yahoo.com,8374026766,92^NCYty@g
James,Williams,kristenwright@morgan-edwards.com,9755273371,CYu87!Ir(1
Kathryn,Macias,youngrachel@stewart-ruiz.org,8034921228,_X0Tp7MoD_
Alexander,Jones,thomas29@humphrey.com,8008312052,*58CywtRg!
Alyssa,Young,natalie25@melton.net,6333811818,evN2G0R$H*
Jesse,Brown,batessean@pearson.net,9138797818,18MM0GRn+W
Alexandra,Miller,breanna06@gmail.com,9284077065,$26PiPvx&o
Wanda,Zimmerman,coxjohn@yahoo.com,8966385957,bp5VEyAiU+
Jill,Lynch,jjohnson@hotmail.com,7037794629,v*9qTVayc+
Lauren,Galloway,kelly42@gibbs.com,9143490171,j!$8BLy*8Y
Raymond,Lopez,dustin30@carey.org,8130589763,t3JZjd0+($
Kimberly,Bonilla,acase@gillespie-cooper.net,8423609123,*16BkHlOXS
Nicole,Anderson,thomasmarshall@hotmail.com,8240341312,VE8xX5Moe^
Holly,Valentine,ugraham@stanton.com,9637951991,@A5XQLqSiA
Adam,Nicholson,uhughes@hotmail.com,8643477220,O&9L3Awba#
Jessica,Taylor,jimmy02@gmail.com,8352371774,_dX^0N4jWd
Natalie,Reed,diane51@gmail.com,6954361878,r#tti2Cnze
Jessica,Rivera,charles58@hotmail.com,8364625397,j@s1U0fkMF
Richard,Gomez,thomas10@yahoo.com,7345890088,%UFLbIe*4c
Alice,Jones,anthonymorgan@williamson-jackson.com,6595838305,Pm8DmXqCY_
Jeffrey,Brown,veronica87@thompson.org,9571107423,g@2LDbaneW
Amy,Estes,jenniferjohnson@hotmail.com,9089625765,57+Xi)vL(s
Jennifer,Kelly,laura23@clark.com,8899584103,!6mYVw8I)x
Brandon,Jackson,xlewis@gmail.com,6209106698,!0#YcpGiC2
Ryan,Holden,kgarcia@gmail.com,8529268666,41aFeBu&^G
Kayla,Bolton,hoffmanmelvin@terrell.net,6376504608,eu@V%2Ei(a
Jeffery,Johnson,suzanne89@bailey.info,7713941826,(Z4U5N!o#d
Xavier,Smith,perryadriana@craig.com,8392636361,@9t8(M#xYM
Veronica,Navarro,pmccoy@ayala.com,8811035209,+1a!_KZjY_
Scott,Anderson,griffinjeffrey@hotmail.com,9521354496,+1G_Q&EnpT
Carly,Murphy,smithkaren@cooper.net,6668036114,Zz(UNKoV(5
Emily,Shelton,william84@hayden.com,7626514329,52BgYdKE#%
Carl,Myers,stephaniegreen@gmail.com,8083085247,*K1SK5mN&Z
Lisa,Simmons,ykhan@torres.org,7029001697,!0^8WYkNr#
Bradley,Thompson,yholland@vasquez.com,9059268618,^3R^CzoJUh
Joshua,Rogers,jjames@gmail.com,9701970989,+FV2YDtdEf
Kara,Smith,martin50@gmail.com,8790071088,r@Z3+uJteu
Brenda,Anderson,ymeadows@daniel-mayer.com,6813681556,*ONAWxwX2A
Pamela,Blackwell,pwilson@gmail.com,8783259993,&Q1Z&rz_6W
April,Short,porterjose@gomez.com,7836283902,@6y3FrhkJz
Katherine,Lambert,john00@bauer.com,7640597781,41OgGmw6#W
Matthew,Holland,marknguyen@hotmail.com,6176226252,c*IZ#0Vc_r
Ashlee,Moreno,jerry25@briggs.net,7100034363,P#4NkiJoP9
Donald,Martinez,jenniferwhite@yahoo.com,6650349783,U_J6WJ2xnU
Teresa,Lawson,matthewphillips@williams.com,6559796702,^!MUcr6w$5
Sheila,Young,millergary@gmail.com,6272326040,VoBl^3an#8
Danielle,Smith,emma00@yahoo.com,7512720749,SG0yucOfV^
Sabrina,Thomas,james51@yahoo.com,7458570673,$*Vj5DJo6a
Megan,Barnes,markwalton@clark.com,7230775680,@k1GleIat)
Richard,Cox,vstephens@gutierrez-cisneros.com,8190227164,#3OG1scwcZ
Kyle,Bruce,matthew34@pace.com,6520221726,F!_3C5DfVP
Veronica,Garcia,reyesmelissa@hotmail.com,8826067489,$6kBAYjR9A
Vanessa,Gross,sarahrice@taylor.com,8395884611,(!ZiuuTN*4
Dakota,Velez,thomas55@hotmail.com,7253310671,%3sy9Vy#0C
Christina,Mendez,kathryn55@gmail.com,7604495653,(%mFMMmv52
Brett,Morales,eporter@yahoo.com,7956201060,4uz43xIxD+
Joy,Munoz,blackkyle@yahoo.com,9036569152,&4M(mBktCY
Catherine,Rodriguez,vazquezdaniel@wells.com,9365445673,VS#(W3Jlfd
Larry,Ritter,destiny01@gmail.com,9212667576,3X+5OWenbd
Crystal,Myers,morriseric@jones.info,6305218857,5)r4IuBfJm
Sarah,Oconnor,winterslauren@yahoo.com,8728603857,3MNB_(hF$x
Kevin,Mckee,xtaylor@fernandez-parker.org,9674193490,5Z@D9SYcB8
Suzanne,Smith,kellimiller@greene.com,9036331421,tEJ16^MwA#
Dorothy,Osborne,shart@maldonado.net,9902785630,Y@e893Ua1P
Taylor,Garcia,sblack@robles-mason.com,9881561635,%X6NGm0tn$
Stephanie,Moore,burtontimothy@hotmail.com,6072720506,9Cl@&1Cr**
Aaron,Strickland,imullins@miles.com,8334083338,mJ4_1FyC^h
Elizabeth,Johnson,vasquezshawn@abbott.com,6056826844,#8CcaYRf#w
Mark,Rivas,mercereric@gmail.com,8919466333,4%6E4DMbrK
Raymond,Jones,spencerrobbins@henderson.com,8208698706,tP9WPs&r(^
Mitchell,Crawford,marksingleton@hotmail.com,9826932000,@)hd355nV7
Crystal,Flores,gabrielpace@gmail.com,9680663710,B+4nYSkl)9
Deborah,Oconnor,gregorywillie@hotmail.com,7277625851,&@1RDntK0a
James,Steele,jamie85@edwards-davis.org,8133812918,*0$TPy5uxL
Monica,Williams,richardsonjessica@banks.com,7763226170,K0OeYKf@(l
Charles,Hill,michael04@hampton.com,6464235306,E5Q@qa^d@J
Melanie,Black,trevor79@thompson.com,8226949968,vWn+7HTwGQ
Patrick,Espinoza,ecastro@weber.com,7646044163,4gGLAQ8v^f
John,Taylor,coopersuzanne@gonzales-gilbert.com,8868717963,(r&2fCaa@D
Gregory,Jackson,blackwellfrank@kirby.net,9641696452,Oe8SZ2sd#X
Michelle,Lopez,emcbride@gmail.com,9511703310,0vWKxGlO&!
Logan,Clay,zowens@hotmail.com,9002265349,mo3P@ITg^R
Stephanie,Murray,tlowe@peterson.net,7798246382,l(6B$!8d9*
Isaiah,Mathews,victoriaterry@harris-carpenter.info,6807778231,06F^kUbH%*
Veronica,Davis,xdixon@bryant.com,6616611705,0*uQrf1o(z
Stephanie,Fisher,deniseharris@gmail.com,6950880578,4^#dWTaq#T
Denise,Graham,dhughes@collins.com,7650002146,m$DV4PtFQA
Kristin,Wade,ortizteresa@walker.org,7486806579,QTp%0YtCqb
Natalie,Schneider,iwatson@yahoo.com,6964484954,%fcDAvEk!1
James,Cook,michaeldavis@gmail.com,7463299742,O&eL3ZPeAY
Richard,Friedman,christineharris@gmail.com,7068473342,2)5g5JdcHn
Jessica,Garrett,eric14@smith.biz,6341040287,K+5HYPh+C9
Laura,Fuentes,johngraves@hotmail.com,7402051396,+^p+5FMd+Z
Ashley,Wall,franciscoschultz@barber-glenn.com,6285005067,Wy(E7Eqsro
Susan,Brown,carriestone@lopez.com,9884955225,m$IX#7QLXd
Timothy,Schaefer,vspears@gmail.com,7694268615,U^9WoLxyh(
Kristi,Hughes,jenna66@yahoo.com,8157140887,3bMqOgxk)6
Kathryn,Weber,tammy01@yahoo.com,8566447836,0vwKTSYq+v
Christopher,Cook,mhill@gmail.com,6978013995,XyE48FHcg(
Victoria,Johnson,jonesjoshua@nelson-hill.org,6905940645,@Nad33Kgv_
Danielle,Harper,gillnancy@mckinney-thompson.com,9653355631,0%UL0%Cb&&
Angela,Stevens,jacksonkelly@hotmail.com,9625275339,!9InFJc0+r
Kelli,Carrillo,herreraheather@taylor-reilly.com,6824411996,6_3zUSKpR&
Gabriela,Dominguez,leelisa@yahoo.com,7200055681,^y%+J)5s^3
Kyle,Friedman,cynthiajohnson@hotmail.com,6573035009,^2IsOunyue
Robert,Schmidt,gwilliams@hotmail.com,6436993004,89iEYs1%^M
George,Lewis,steven73@howard.info,9882558435,%6EozCX(Ee
Kelsey,Sanchez,sarahwood@gmail.com,9425307085,4w3J9Ash#y
Sabrina,Morgan,crystaltaylor@hotmail.com,8768872434,D*79EUUpxZ
Jeffrey,Bryan,scottjames@gmail.com,9273721168,X8NRJsVe#P
Katelyn,Brady,james43@hotmail.com,7326009660,dpB4MZQf^l
Dylan,Vega,josephmelissa@gmail.com,7572047229,&8yKGul_Y^
Mallory,Young,dustin07@hart.com,7900867225,0wgntkM4#(
Kyle,Barnett,charlesshaffer@russell.info,7713902675,!04s+OfWaC
Norman,Pacheco,reneesmith@russell-hebert.com,9735025715,%7WE$Uk!Ab
Sandra,Adkins,megan64@lopez.com,9291019107,^9DMb&2DwF
Melanie,Smith,popebenjamin@hughes-mccoy.com,6607914168,!0QtKWi3^)
Jason,Jones,kenneth09@wong-perez.biz,9593495333,2(nu0EWxJq
Erika,Anderson,martinezjoseph@yahoo.com,7405883707,e3A2EkUy^_
Nicole,Hamilton,yjensen@gmail.com,8554213553,Gk69NzKL*j
Brenda,Stephenson,mgilbert@braun.net,8300837837,*a5FtqKvp$
Kimberly,Perez,carlos72@johnson.org,6363647114,72@2C7rd5W
Brittany,Vega,jamesadams@brown.com,9755261643,+A2ZE1a@^P
Matthew,Dunn,campbelleric@yahoo.com,9140190268,wU39Vhya&W
Darrell,Pena,brian99@yahoo.com,6664253556,_VDz8GczLp
Lori,Sawyer,aaronreynolds@cooper.com,6848671072,&uI0r&Yi9(
Ronald,Ryan,kingsusan@yahoo.com,7381489414,M8X!keap$b
Jessica,Lewis,robert75@gmail.com,8292573367,m7ElKzoR@x
Dwayne,Horn,morrisonian@hotmail.com,6671321949,feGnbMwy)4
Richard,Benton,phillipwebster@sullivan.com,8181299116,Q#9FBGd1_3
Daniel,Meyer,christophersmith@gilbert-stewart.com,9937097614,!0GdpwZdA8
Stephen,Peck,howardangela@powell.net,6048496452,v3TfBM_u^6
William,Anderson,ogonzalez@garza.com,7629811119,!Ow8Nn2RJL
Jacob,Riley,matthewvillarreal@yahoo.com,6834253445,*6IyTf1M8B
Susan,Curry,ebonybradshaw@gomez.net,8714268722,68U5%u!^_&
Michael,Quinn,bgross@yahoo.com,8788519013,^6TWrLgfj#
Deborah,Davis,aliciameadows@bates.biz,9106424691,)k7XFel@C5
Leah,Potter,deborah52@yahoo.com,7873935763,&b91BWb&iK
Loretta,Fleming,rebekah58@michael.org,9015673778,@@q5OAfjGd
Kristina,Hull,burnsgary@hotmail.com,7540187280,+0AsypZrPW
Anna,Norton,fosterjeffrey@gmail.com,7209348890,3!P8WEb4b_
Brian,Wilson,ugregory@gmail.com,9986283936,ZU9QUbjUh(
Anthony,Brown,hilljonathan@hotmail.com,6903193671,Kz3iBsy&J$
Rebecca,Dean,bryan37@adams.net,7748229997,@GuP9N%s5#
Sara,Henderson,wbuck@yahoo.com,6979267536,(uGHnX$7W9
Richard,Garrett,dillonatkinson@yahoo.com,8973254898,bg4HSSt0m+
Kimberly,Lloyd,msmith@proctor-buckley.biz,9037888656,1iQh$s_R^1
Luis,Chase,rstokes@rubio-brown.info,6683246511,eK4SOd8Uh!
Jacob,Martin,phorton@neal-mason.org,9794733867,B1NY3$tJ$H
Mallory,Fleming,erin31@lloyd.com,7117483662,_&oSo39lu3
Lisa,Cooper,wooddeborah@terry.com,6626490771,H@I8jBBb0S
Drew,Hunt,woodrebecca@montoya.info,9308640809,glFw2YL#b*
Kevin,Fischer,hillvirginia@gmail.com,9981249745,)1&8LJalbJ
William,Long,jessicabowman@gmail.com,9432095734,i5XiOrnx@X
Jennifer,Johnson,angelarodriguez@harrell.com,8679513029,5dgUEzRF&1
Eric,Green,edwinvasquez@hotmail.com,6606952235,#l98QN4gaJ
Alan,Hall,mary65@yahoo.com,9245291606,_T)Iz6ImU6
Joshua,Rodriguez,anthonymcdonald@house-mitchell.com,8590887162,*KKO8QChMX
Julie,Morris,roberta96@hotmail.com,8550528216,eSu0hVTr*^
John,Martinez,lynchjanice@hotmail.com,8321858864,!^@C&5Ni9@
Kari,Spencer,michael92@gmail.com,6187134945,!J9yKBLg!t
Charles,Sampson,sara43@krause.com,9363946681,+*TcOiH202
Ashley,Skinner,thomaschristian@yahoo.com,6847542422,uB+2Bh2Q(S
Chase,Vincent,laura89@hotmail.com,6349712536,0&h2vDn2CX
Steven,George,tamara53@yahoo.com,9456680693,S)iY1SrpB1
Gina,Davis,toddhicks@williams.biz,7312540654,!w1LkjwFh8
Christian,Lloyd,dylanjohnson@hotmail.com,6888908044,b5&*q4NdiD
Barbara,Keller,bradshawjoshua@cherry.net,7762386591,ldmD9LJYI#
Justin,Copeland,kentdaniel@hotmail.com,7605904378,8faRYMDE@E
Peter,Potter,patelmichael@carpenter-clay.com,8163400770,@%9G2NmYM(
Lori,Grant,vnelson@huynh-montgomery.com,9536959020,G^94%7Ho_&
Jeffrey,Grimes,chloe02@gmail.com,7593972355,d!Y9I2o$CL
Sarah,Davis,jessicasmith@kaiser.info,9427215337,hR^7U1Hy(+
Chelsea,Oliver,mitchelljulie@sanchez.com,9256787416,&0#4QOt0(2
Diane,Williams,lisastewart@gmail.com,6916773932,Gh8PpoYu#O
Amanda,Ellis,michael37@gmail.com,6725830754,*j764Sn)%k
Stephanie,Williams,bwilliams@hotmail.com,8749094822,*AWVXI4Zr9
Sherry,Mayo,sking@boyd.info,9648414156,3y6W+vDo!I
Sarah,Tyler,belinda61@hotmail.com,9880070723,DF*WJlIq%8
David,Davis,fjordan@hotmail.com,6364024705,@1^7NEuepL
Lauren,Christensen,qjohnson@miles.info,7781345177,7L6HPIie*C
Jamie,Adams,jessica83@wheeler.com,7984638968,Nk*Mt9FobY
Leroy,Obrien,amynichols@wells.com,7322443593,Vvjj4UUbh_
Erin,Williams,anthony50@miller.com,9369045422,@2K2HjkO8d
Jennifer,Ryan,ritterlisa@wolf.com,6335475634,r$5DhzAhhQ
William,Martinez,qgarcia@carter-herring.com,9361361194,)*gG8)k#5T
William,Leon,vbarr@franklin.biz,9254017043,Z+6UlAgP!L
Paul,Lopez,kelsey91@adams-bush.org,9922335721,3u9aFl)iq(
Mary,Morales,hernandezjohn@reed-walters.com,7874731479,^CKsPJtrt9
Christian,Hardy,rodriguezgary@hotmail.com,8735810684,!032YUY%al
Martha,Wright,nsnyder@gmail.com,6766604021,avO$juj7+5
Frances,Ward,npark@nguyen.com,6307949798,Y+x2AQi)Jq
Kevin,Adams,dponce@wallace-hart.com,7066199570,$IEh3OiGs0
Andrea,Ramirez,mcombs@hotmail.com,7506304081,_30@H9spw7
Anne,Taylor,nelsonbarbara@black.com,6741401698,Vv5N3QieM*
Danielle,Anderson,william65@gmail.com,6451064718,F*i6Jo%P0g
James,Allen,jackwelch@hotmail.com,9969433582,@C0aLZmr((
Tina,Robinson,dennismcpherson@yahoo.com,9759732102,#05sXhpW*v
Tiffany,Hughes,josegonzalez@warren.com,6949420772,$HDl4THm61
Danielle,Hernandez,hilljustin@moore.org,6521644861,&8(GK+v4OE
Matthew,Russell,anaclark@johnson.com,8745456689,($p9Xzry9I
Tammy,Pena,wescobar@yahoo.com,7347920153,)W5xBCjS6o
Michelle,Woodward,wanda55@hotmail.com,6842692003,*9Z$(aTaUi
William,Dominguez,paulablair@pearson.net,8464471363,wB7*P1AvV$
Christopher,Bailey,timothyle@garcia-bradley.com,7336127355,9+E6DTGrJh
Stephen,Valenzuela,amaxwell@yahoo.com,6698398903,A^PM8Olsk%
Olivia,Fields,lwolfe@medina-watkins.com,9705194753,((MWG3yh58
Jeff,Webb,austin52@hotmail.com,6574837738,@krHYaAG08
James,Ruiz,johnroach@johnson.com,8731320074,b%57zVfOu+
James,Jacobs,eromero@brown.com,9793378763,^^r@4TShVM
Lindsay,Short,stefanielong@gmail.com,6948909897,o7bS!Wwr@a
Hannah,Wilson,jevans@sanders.biz,9526982202,$hm$0XIxR2
Richard,Peck,armstrongwilliam@harris.com,6920157113,%w5E+ovo&N
Mark,Le,richardsonphillip@gmail.com,7684234930,#9S*UkBb+J
Jillian,Taylor,qbrown@wright.com,6353300119,29SWI&lq@2
Megan,Bush,tjackson@gmail.com,7105804360,5F+y$_1y)+
Scott,Montoya,gary27@warren.com,8499588353,_n97!6Hp#1
Cynthia,Daniels,jaclyngarcia@yahoo.com,8910359616,)HVxuQBx31
Paul,Glenn,morrisontiffany@myers-bailey.biz,6324634008,2a3K2olz)8
Richard,Mercado,cobblaura@hansen-johnson.org,6693097542,)D7F@@Ru@)
Janet,Sanford,echurch@gmail.com,6577252486,)2mNmShA*D
Gabriela,Bean,benjaminkimberly@forbes-nolan.com,9266417689,5sn#8sGbc)
Angela,Oconnor,brandymarsh@rodriguez.com,9696067458,#0jQ2qyRmB
William,Coleman,xcox@gill.com,8903434984,5+6C6Cv0E7
Darrell,Bishop,riveraerica@gmail.com,6496769266,9%6CsFuj^p
Diane,Black,brian72@yahoo.com,8679784081,@SJQW2n$k9
Rachael,Butler,kevinzimmerman@brown.org,9296643089,sDAeH6nas^
Alfred,Smith,williammiller@ward-carrillo.biz,9047381080,@FVDby5)d7
Stephanie,Stewart,david40@dickson-boone.com,8364838565,^7%FTUGoqc
Chelsea,Zimmerman,nray@yahoo.com,7457005080,*7)QbAv5F4
Kaitlyn,Ford,acontreras@yahoo.com,8672159931,)^qrVlxs65
Marcus,Thomas,rreyes@taylor.info,6219441788,O%vK1K)zV+
Renee,Hansen,robert11@gmail.com,8665799211,Gz4^StA0H#
Kaylee,Gonzalez,bmendoza@gmail.com,7569395901,kZ1U&3Cr9I
Jeffrey,Webb,jstone@wilson.com,9769282748,$!2h6Eb#_v
Ricky,Allen,keithmorgan@moyer.biz,9247232776,f)&9Kbg1NO
Kendra,Cisneros,kevin88@quinn.com,6758054025,l8PX!IUs$9
Diana,Gordon,bsmith@gmail.com,7244599833,r(8I9STJBu
Yolanda,Davis,fernandezmolly@rodriguez-walker.com,7127086116,II&XX7PpRu
Danielle,Pittman,millerparker@stevens-alvarez.com,7352839682,#8QSI8iEA4
Denise,Harrison,dunlapcraig@hawkins.com,6775799013,%__%iRiyf5
Jacob,Golden,debra08@yahoo.com,6018637587,&C2F3mNu02
Sara,Nelson,fgibson@meyer.info,9322041038,&1_NDhzft7
Michael,Jackson,hphillips@yahoo.com,6125443061,yMJDJ*c7@7
Richard,Robertson,kellystephenson@hotmail.com,8591976134,K733MnHs)4
Larry,King,lopezkara@gmail.com,8434521919,^+7nLwUwT(
Kristin,Lambert,ashleyamy@hotmail.com,6743934495,sO40cUcy!o
Amy,Green,hammondcolleen@hotmail.com,6522306188,!)dAOWEjK0
Jason,Garcia,robertbates@shaffer.net,6676884507,*yUSE4ZcYE
Sean,Cook,bdiaz@riddle-ward.biz,8177858136,#jVqbNeWM2
Richard,Cummings,benjamindavis@gmail.com,7030534778,Sw#3XY7sQ3
Carlos,Perez,tiffany92@rosario.org,6967327097,(N7BhLYEI8
Jacob,Matthews,oyoung@keith.info,8848118645,5QnIU+Zv$1
Jillian,Watson,catherine78@yahoo.com,6840327737,M94jZJ2k@f
Tracy,Bennett,ahebert@yahoo.com,9912368442,d@0eK9KhG$
Megan,Ritter,lloydmolly@gardner.net,6856748325,r4KX1pFy%d
Charles,Martin,hilldiana@melendez.biz,7041922814,di$9_+KpLI
Joshua,White,omckay@brown.info,6897536769,5mrCPe(8*@
Wanda,Yang,jacksonvictoria@gmail.com,6334078903,Tt^oT2Vbv^
Thomas,Rodriguez,karl32@dominguez.org,6315796568,jzg3Anre!_
Dawn,Solomon,jasonvazquez@yahoo.com,7317134831,t)ATuKZu+8
David,Smith,robert95@gmail.com,6398203228,$yXK%&33n0
Elizabeth,Li,kingkim@moore-hatfield.org,7988681384,4FIQujHg$6
Jessica,Oliver,hillandrea@garrett.biz,8425232188,AX5GPZax&5
Edward,Fisher,smithmelanie@yahoo.com,8137725797,PI&Q3mScUt
Cole,Simmons,maldonadojohnny@hotmail.com,8566398943,pP$8HZq_q3
Troy,Jackson,taylordonna@tucker-johnson.com,7101888727,k!V2dIqxnt
Audrey,Downs,unichols@warren.org,7779220646,!7yIK*tMRw
Omar,Hayes,jgarcia@hotmail.com,7435522674,cUBwO#m1@5
Christina,Joyce,kevin56@gmail.com,9909326271,)zYQb@mG+8
John,Stein,rachel16@yahoo.com,6515154336,Z1VQs+Q8!u
David,Macdonald,vincent61@yahoo.com,8200034167,^wMGvHjW1L
Timothy,Johnson,rdavenport@hotmail.com,8694293835,C!lW2YzPXN
Nicholas,Mccoy,michelle63@farley.com,7220098845,%QK&0SgHvn
Mary,Knight,meyermatthew@cross.org,7955632087,s^z9ktcybX
Randy,Hunter,lriley@yates.org,9960794423,)bjz5Hht$%
Nathan,King,wschneider@hotmail.com,6282796176,2zriD0IaZ)
Jennifer,Richardson,ocole@bond.org,8580157135,$*Yj8Q)T5d
Tyler,Harris,xduran@gentry.com,7661691106,5sTV26gm%!
Dave,Wu,melissa84@jones.net,9732071721,##Plm2FbES
Maureen,Villanueva,timothy69@hotmail.com,6854464994,1p_AwA8O%P
Monique,Valenzuela,eric26@gmail.com,9337568875,H2bVkfmc$q
Michael,Barker,zcarroll@romero.biz,6814518572,Vme4Zn2Wt@
Eddie,Adams,michael52@jordan-brown.net,8227721947,%5Q_mz(6@6
Rebecca,Walters,zfaulkner@norton.com,7244394085,&*DHMVIqe9
Lisa,Griffith,howealyssa@hotmail.com,9800245226,$GqFZ3vsE8
Tyler,Jacobs,garzamary@bush.biz,7826212516,j(U%)5HaAq
Thomas,Herrera,lalvarez@goodwin.info,7290667455,9f&4_SXbSW
Krystal,Bowman,juliestokes@gmail.com,8410298824,%&$6ONfj6a
Bernard,Chapman,yshields@walsh.org,7468676124,(_jC4OLmOE
Matthew,Patterson,karenpierce@yahoo.com,7047360284,!N2AcYd9Qm
Robert,Villarreal,amandaboyd@gutierrez.com,8842949877,Bud!a7FqLY
Melvin,Martinez,jamie20@gmail.com,9085099449,2jW6luHf(F
Eric,Smith,bdennis@rodriguez.com,8253451749,$beC9QxhZ4
Brandy,Hart,angel05@hotmail.com,6413285611,Uxg#yHBr+4
Jessica,Perez,sanchezcheryl@herring-jackson.net,8960871885,)a7(9NTtRQ
Theresa,Frazier,ldrake@yahoo.com,6640345331,@&X8BiHrCP
Kyle,Lutz,cheryllivingston@gmail.com,9743715584,32lBR9fI@8
Stacy,Smith,christopherdurham@neal-miranda.com,8193651026,C977STkX$R
Lisa,Bell,nbrown@hotmail.com,7941613278,wTd2FTkrL+
Ebony,Rosario,kellygreg@hotmail.com,8802469036,$2#7C^VwSq
Julie,Pollard,austin40@riley.com,7617642967,)EEWOo#E1@
Cathy,Hernandez,valdeztimothy@lopez-tanner.com,9317569546,r*oESw1w(0
Charles,Forbes,kaylabridges@hotmail.com,8925623282,b@+6+C9xea
Rebecca,Booth,reynoldsmaxwell@hotmail.com,8588885070,#q8G0lG4We
Cathy,Mitchell,ybrown@gmail.com,7709870315,+gXDMbvA0O
Adrian,Smith,campbellolivia@gmail.com,7131758794,II+58TtZRI
Brian,Murray,carneylaura@gmail.com,8797611110,Vf3Lh^vM^f
Brittney,Johnson,ibailey@hotmail.com,6973960292,r8q!YO!b_J
Tracy,Simmons,fmeyers@yahoo.com,7869408964,WCXLK$lt(1
Zachary,Hamilton,elijahsmith@hotmail.com,6413872125,1ZL^UHNc&R
Erica,Lynch,kathleensosa@gmail.com,9689983554,60X)Km*e)B
Kimberly,Johnson,efuentes@gmail.com,7480166841,&KjQFs4Q$3
John,Guzman,qcabrera@gmail.com,7804562688,G%4AgHrgS)
Karina,Mendoza,shenry@allen-alexander.com,7770395110,_l4CnGphK2
Kristen,Johnson,danielprice@hotmail.com,8513323734,(5JyDIlzAj
Tammy,Hodges,erikacampbell@elliott-little.org,6343191825,#E21oJXd)R
Thomas,Miller,glivingston@gonzalez.com,6284314452,(y%TC1Ccep
Catherine,Haas,browndana@lewis-sullivan.com,7880209368,_6CW3xFT9W
John,Davis,daniel54@gmail.com,9788629585,1xJSqIhn+c
James,Montgomery,frederickrandolph@hotmail.com,6535257592,$X43&hWk$R
Alexandria,Weaver,leealejandro@roberts.org,7831411801,)f(XQTv8_2
Steven,White,antonio45@hotmail.com,8577054500,6R6FToll*w
Colin,Hernandez,joshua12@chavez.com,8425839305,_s7FU1ibBG
Susan,Phillips,annette94@gmail.com,6230581016,%7!Qbf9bsg
Frank,Lane,william07@gmail.com,6309212122,&uf$6U43&8
Kristin,Harris,bbeltran@green.com,7941848407,Kn3hS!of%H
Ashley,Collins,thomas64@gmail.com,8066973090,j4N0)LEg$l
Sandra,Bailey,nrojas@ochoa-taylor.com,8863866038,Ju%1^Gmoa9
Jermaine,Holmes,michael17@hood.com,9914066415,#1hh^)ZqB3
Abigail,Bell,samuel82@flores.com,7499063325,j*_3rGOug#
Alison,Beltran,pmarquez@hotmail.com,7968530750,xdp9BZ&w9(
Joseph,Adams,mooreadam@gmail.com,7368317264,NLSY+fdT&2
Kevin,Williams,jo34@yahoo.com,6776586802,9)9ZDyHd2X
Regina,Thomas,andrew78@jones-silva.com,7660853390,)W&1U$qwd3
Aaron,Farmer,odavis@gmail.com,7226033292,+%!TTJc(+6
Misty,Brown,ihansen@gmail.com,9324328356,&!2UE^&s$$
Cynthia,Hawkins,harperanthony@gmail.com,9936964381,_NM82A1bFh
Jasmine,Nichols,howardronald@hotmail.com,9877018733,(4HjUq+L3Z
Brett,Brown,michael78@yahoo.com,8421604803,^cT82VjM#2
Bryan,Vega,austin70@smith-brooks.info,6049966476,F!9fHSjBK#
Tony,Holder,belllarry@gmail.com,9424290696,!Mi7pyiJ1$
Heather,Garrett,ryanbrown@lewis-hampton.biz,7304178497,(C1B*RSfjs
Eric,Garrett,wadams@yahoo.com,7507314537,j$0Ucpd5l5
Joseph,Harris,lauren13@leon.com,8482261512,T34KhEKz(4
Alice,King,derek73@yahoo.com,7825402761,52duBigf&4
Mackenzie,Perez,hoopertroy@gmail.com,6294387157,$6*fhhwngX
Scott,Lewis,stevensdaniel@hotmail.com,8413196540,91hX8x&i&L
Lori,Kennedy,mistyjohnston@olson-copeland.com,9830902724,($%DZ9Dpkq
Melissa,Brown,egarrett@yahoo.com,8343427422,1^3VM8UfC8
Amanda,Gonzalez,ckennedy@yahoo.com,9740165445,+zNvKa7tO9
Michele,Graham,turnerelizabeth@hotmail.com,6913582919,0jVJ6rce#Z
Martha,Nichols,lindseycunningham@yahoo.com,6360444693,i_@ob2Uh^n
Rebecca,Cummings,maxhayes@butler.com,8936221958,MK49WmCk@#
Cathy,Smith,andersonelizabeth@yahoo.com,6959035305,sOq+9Q#t5U
Bianca,Nichols,william92@case-baker.com,6678141050,7*0oUNp^(T
Alexis,Hubbard,rroberts@king-gregory.com,8505594775,0^T*WxzM)^
Jennifer,Wagner,zwalker@black-lynch.biz,8405898971,Y6T)FE8A*k
Brittany,Flowers,jessicaspencer@hotmail.com,7088198826,&!syVo)Qw7
Kevin,Berry,pattersonpaul@fischer-martinez.com,6987025390,!3V#_D8s@m
Courtney,Morales,kaylabarker@moore.com,7570761568,J_5L)u5C&N
Samantha,Brooks,halekaitlin@gmail.com,8459766472,)(5gLYYEXs
Nathan,Sherman,williamtaylor@martinez.com,9611938856,%8Jsy^U^m6
Patricia,Weiss,nguyenjackie@martinez.org,6846225602,ZM33RJQdW@
Linda,Stevens,darin49@hotmail.com,9217625139,!0fRhMAql_
Benjamin,Pittman,taylorscott@boyd.com,6730383138,m!3zE(KS)l
Larry,Howard,dwatson@rasmussen-barnes.com,8080651364,++Vo+UKnq1
Lori,Harris,craig64@smith.net,7920376539,^3K&a5(t+p
Crystal,Miller,ybrooks@wilson.com,8990238947,H6rE$I!m%6
William,Hamilton,shawnmiller@hotmail.com,9926881579,+fbLP5xs6!
Nicole,Smith,janet16@ford-thomas.com,9544832720,#hf9UYa@m6
Beth,Odonnell,laura31@yahoo.com,7097566199,(91LZ5CtJk
Jessica,Haynes,meyerstaylor@clay.net,8684287816,+hBTi9V4d2
William,Ware,nicole12@gmail.com,6784365076,(Y1YhIiu9D
Laura,Petersen,spencechad@yahoo.com,8430069584,*3X1YXidS5
Rebecca,Baldwin,jacqueline16@swanson.com,8452986980,_3hSwpelWL
Jacqueline,Beck,angela86@yahoo.com,8421763003,@J2XMqyb@c
James,Shaffer,oali@hines.com,7766595319,Du5Et#Rt*(
Daniel,Fry,lauracarey@yahoo.com,7843813576,*iAZrJim95
Richard,Hicks,preston70@hernandez.com,6491655100,$aHBeCZ7#4
Barbara,Gray,robbinslori@lewis-wood.com,7775835137,w6nE0k4o)e
Mary,Davis,bowersheather@williams.org,6238269150,%KwTd&RmS3
Paul,Cruz,marthapope@mann.info,9195302425,2o!0GwA@j(
Alexander,Farrell,williamclark@travis.info,6517840057,Q0$dSLgm*V
Brooke,Vargas,robertford@torres.com,6943075888,#$^2DbB4Ig
Tina,Rice,griffinbrooke@yahoo.com,6400218172,)gjxZKxJY4
Danny,Weber,matthew17@yahoo.com,7745630073,Pg5+OP%0G@
David,Weber,zclark@reynolds.net,9920284108,0Mzi(Tm1&b
Timothy,Ruiz,hernandezjonathan@smith.biz,7640588507,x4Kp3fOo)9
Danielle,Crawford,sandovalandre@gmail.com,7834112355,r4B6S$_6_h
Laura,Myers,gouldchristopher@robinson.biz,7504645538,^mWI(9qK!0
Nicole,Rush,jwilliams@yahoo.com,9960223806,_bg_4TuA!#
Gregory,Mason,beardnichole@blackburn.com,8668914604,wp@8ioZi(#
Edward,Garcia,brianna04@hotmail.com,9707154833,258$ESk+_9
Kristen,Baker,warnerbrian@gentry.biz,7899612874,12qVeiyL%u
Erica,Reynolds,blake92@nelson.com,6185383327,uB1Y7SoWC)
Andrew,Mcdaniel,leonardjohn@gmail.com,6178092033,7CaK3p6lG&
Emily,Foster,justinlee@pitts.com,8663741077,p3G#5Qlc^V
Jessica,Smith,icollins@yahoo.com,8711560561,Y^5hCNFjF2
Jesse,Sims,reevesbrittney@yahoo.com,6912492532,#TU%klww88
Arthur,Santos,hillsarah@coleman.net,9343882091,5g7aOZAHT*
David,Evans,walkermelanie@knight.com,8180494849,3p0bDd)tF_
Michael,Zimmerman,patriciadouglas@pierce-lee.org,7076947043,G1z1h5Bt#Z
Sheryl,Kelly,glevine@harrison-mitchell.info,8055407697,#5U3Mwgp!7
Jay,Nelson,georgeperez@hoffman.com,9211465683,COT(X6AzCM
Michelle,Allen,jessica90@burton-thompson.com,7642636142,$z7P*%Dk2Z
Jessica,Colon,fostersteven@michael.net,8637006467,5uIwX4sl#2
John,Mcknight,johnsonjoshua@barnes.info,9443446006,b%2LaIZuUr
Sherry,Garza,randolphcrystal@hayes.com,8178071326,&t^dWX+_Y6
Mason,Fisher,gregorychristina@hotmail.com,9306971901,rDEQKkud)3
Amanda,Kelley,christopherpacheco@gmail.com,9244452714,7X#JBHBf+A
Michael,Gonzales,katherinewilkinson@young.com,7356935362,PlX0VnMp_m
John,Pierce,michael42@gallegos.net,8786853311,O6PD9Nu)@n
Caitlyn,Middleton,manueldominguez@fischer-ayala.biz,9341088391,Y_29@qWyPE
Patrick,Barrera,arodriguez@yahoo.com,8234839831,%yJndDnb#8
Joseph,Hunter,larry92@hotmail.com,6366208470,9$9d4RVtKo
Laura,Coleman,debra03@hernandez.biz,6838895326,R78SU41a(!
Alyssa,Cox,bdavis@gmail.com,6197200607,X1IOb+dm_+
Ricardo,Hernandez,thomas23@nguyen-griffith.com,9806712802,1zRF4tOcV)
Michelle,Hernandez,qhughes@gmail.com,6023380832,@py7GPtGop
Jose,Benjamin,jillhuynh@yahoo.com,7992428895,#$38B1fRIn
Gregory,Smith,tammy81@anderson.com,7940404540,M1QaVMvN^0
Sheila,Baker,cynthia23@perez-vaughn.com,7340658058,nu3cnZNr&L
Ashley,Austin,ronaldnelson@poole-pierce.com,8884712262,9V*Rng1y++
Kevin,Hodges,gregorybenson@yahoo.com,7351638626,f(5Vy(CoMx
Mark,Erickson,drhodes@jimenez.info,9533431566,pPV)AYsu*5
Debra,Brandt,hamiltonwilliam@hotmail.com,7026498603,ZjEOiNK&_2
Jessica,Marshall,rvaldez@johnson.com,6843400991,Ok@44fJpM)
Leslie,Kennedy,aaronpalmer@yahoo.com,9544649887,d49&rWP$)j
Erika,Figueroa,thompsonjeffery@murphy.com,9911658938,R^We5#fU_K
Timothy,Woodard,greenejessica@sandoval.info,6469220369,LF_@8Xkg*6
Stephanie,Harper,cwebster@gmail.com,9620226947,F6q0ZPfE^*
Kimberly,Russell,debra64@yahoo.com,8735763324,IjS5Bilr&1
Mckenzie,Martinez,zjohnson@andersen-lopez.com,8998099529,PwQNG!Kz%0
Joseph,Galloway,petersonbruce@duran-heath.net,8235656426,1C)#9Dl^Ph
Melissa,Thomas,dicksonalexander@yahoo.com,9595828365,f3Ayym@%*Z
James,Rose,kirstensalazar@miranda.com,8606058733,U(8v^YELbj
Erik,Lawrence,michaelwebster@yahoo.com,9181218890,Xb3WCvecA(
Christine,Peters,patricia35@gmail.com,7747473659,t52GF@Cey)
Nathan,Aguirre,kellersamuel@yahoo.com,8010732972,M4NlHjq2$@
Scott,Cameron,rnicholson@yahoo.com,8446373999,$_1SvIcfok
Christina,Reed,laurenrussell@gonzalez.org,7777406810,4Sw4vOMb$$
Mason,Perez,smithdominique@morrison-hughes.com,8124348051,r(1DcT(zJu
Michelle,Gordon,adrianapeterson@gmail.com,7842188661,dMg7Z81h^6
Stephanie,Garcia,kimberlynguyen@ware-stevens.org,7660485500,$8FMJfijoY
Joshua,Frey,ariel65@yahoo.com,9744491448,c1B7aFkH+e
Sandra,Dixon,brian86@barker.com,9560948333,^v(4Sz%pvl
Lisa,Clark,bwells@hotmail.com,6202530585,9@F((s+e(S
William,Mendoza,leslie96@hotmail.com,9721420577,*12ZV8w#Vc
Joy,Baker,patrick51@fuller-tran.com,8851533249,d_7IM1bn)5
Jane,Parker,james25@yahoo.com,8550302097,F6roDaAa(s
Edward,Velazquez,xhinton@gmail.com,6490563003,x(_1Zi7tde
Joseph,Lewis,freed@yahoo.com,9350793003,F#%84Ns!cZ
Michael,Morgan,seanjohnson@gmail.com,6929957580,8_^J45Hm!x
Donna,Anderson,kathleen46@shaffer.com,7658478729,VL0Uyr$K%5
Timothy,Newton,marcusnelson@yahoo.com,8454636157,6igXBFo0%i
Andrea,Nelson,dwalton@ramirez.com,8432433301,*q&JGzrv92
Kevin,Boone,riggschristopher@sullivan.com,8679433359,+I219N2c^$
Erin,James,jmcdaniel@leonard-cobb.com,6524284890,_#17tTFcTr
Jason,Hensley,rgreen@gmail.com,6814327175,P3XJ30%j*y
David,Christensen,bstanton@gmail.com,6357732636,4c6ThQ$m$l
Travis,Taylor,sanderskelly@gmail.com,7595644440,+%JZAt4tG7
Frank,Hamilton,iwang@gmail.com,8783974891,*)g%9Lz_1e
Christine,Harris,sally88@marshall.net,9110484021,&4XRRi9$Lk
Gwendolyn,Green,gabrielvasquez@larson-thompson.com,6530532034,5vR*V$vg!i
Laura,Cooke,ichang@powell.info,9219561118,2@M&Ayw_$0
Kurt,Flowers,colleenbass@hotmail.com,8404156652,!i#25_AqyF
Thomas,Peterson,robertbaxter@gmail.com,6221915153,r0SZoxzE@J
Debbie,Stewart,kenneth63@hotmail.com,8214820657,(3_J)J$vnT
Monica,Gonzalez,ericcunningham@gmail.com,8518575432,_&6hQyy#@K
Corey,Webb,stevengreer@gmail.com,6200299974,_9YM)Rdn#n
Lisa,Thompson,piercejackie@johnson.net,6982437868,v61I5fuoH&
Rebecca,Haynes,davidbanks@hotmail.com,9288608987,+&0&u$Xpnf
Donald,King,normanandrew@gutierrez.com,8018106740,%taYnBQib0
Robert,Blanchard,lsmith@gmail.com,7818101922,g40Yl0wj#Y
Destiny,Huber,ashley76@gmail.com,6572370343,%SZ00*aR#9
Charles,Williams,plittle@hotmail.com,7267225490,QL!9PIskV!
Steven,Buckley,kevin99@salazar.com,6106713984,OY^)6IuRnF
Cassie,Daniels,meyeramanda@gilbert.biz,9233620515,4@64NYob$T
Carlos,Watson,snyderchristine@owens.net,9400799662,9RoJK0^h)g
Edwin,Allen,whiteralph@gmail.com,8654348355,a81OR5qe(^
Mary,Fields,zacharycampbell@yahoo.com,9862075852,kh5@7MIq&%
Jack,Schneider,angelawillis@yahoo.com,9286923234,$iNpKHBG+8
Benjamin,Smith,dlevine@hotmail.com,8734636917,H28k@Mwi_k
Nicole,Burke,grobinson@todd-glenn.com,8072477032,zNYEXkz_*7
Suzanne,Reed,millsbenjamin@perry.com,8898279327,_BU$lz)gI6
Kevin,Raymond,barbara59@king.com,7940440930,%tfApVw#4z
Scott,Aguilar,leebarbara@nelson-wilkerson.com,9390490230,%3N1UMFiHa
Paula,Gonzales,foxsheila@gmail.com,6301070385,h*7o1RL1Wv
Willie,Gross,llawrence@yahoo.com,6710937543,J6UqvtUC(n
Dale,Garcia,christopherjohnson@page.com,8344247800,#R0Vr+ux0h
Melissa,Hicks,yolanda49@gmail.com,7418513688,j5Yza2q8@m
Eileen,Hardy,wilsondeanna@yahoo.com,6375961044,iO7BQXbh(6
Donald,Johnson,yhopkins@rios-davis.info,9418105787,35Gf9S*w&y
Nancy,Henderson,rtaylor@hotmail.com,9663788562,f_u4WgTwGq
Michael,Davies,omcgee@gmail.com,9234688082,#2P*liIidH
James,Sosa,crystalshaffer@gmail.com,8768559912,%*zBUr)P44
Adam,Day,kwalker@yahoo.com,7273409769,+BbeyQnH)6
Daniel,Barton,hopkinsdonna@yahoo.com,9656945534,zz7wZGkh(W
Shawn,Crane,hgates@yahoo.com,7577271451,+yXfKbHj31
Veronica,Bright,william10@simpson.info,6021700860,_0PZyt9bPv
Christopher,Adkins,julie11@carlson.com,6655706156,m(L*qOo!!7
Dawn,Jones,rnelson@rivera.com,9909576409,_h#V8DXw2Z
Francisco,Escobar,jenniferevans@hotmail.com,8214271658,^2qEBlfdcm
Alexander,Sandoval,ncook@kim.com,6933515334,Rt5lTKpQ%X
Christina,Sharp,margaretjacobs@cherry-baldwin.com,8286008257,I!3(YmJ(*V
Jaclyn,Wilson,marshallwilliam@yahoo.com,8411633985,5^i3Zzqv_L
Colin,Rogers,xjones@bell.biz,7988088359,+8ATvftHo0
Heather,Morales,sarah33@yahoo.com,9515408215,(4qQVq_f89
Jose,Brown,uknight@yahoo.com,6855189358,z*3tlK(x3P
Penny,Olson,moorekim@yahoo.com,7339637431,Hvc5ZYL&1+
Kathleen,Johnson,youngclarence@monroe-sweeney.org,6563414467,_190B#Uxq#
Melissa,Graham,richard53@gmail.com,9621997911,DlPW)L5j^1
Jenny,Prince,jamesbrown@howard.org,7628078497,FE(1Jaeb+i
Stephanie,Vaughn,courtney57@gmail.com,7151498434,!SItb!dtI9
Heather,Garcia,shelby49@fleming.info,9565886437,_BEN9RgyHI
Jerry,Christian,hrobinson@figueroa.com,7197321722,be_5HD33y*
Emily,Williams,fisherdaniel@yahoo.com,7001558497,VtjWwQza&9
Alison,Mitchell,kimberlydavis@gmail.com,7381167665,g0DIoGNs!r
Karen,Bennett,oconnoralexandra@yahoo.com,7585162776,$Pj7QLh3%l
Lisa,Reed,wthompson@yahoo.com,6526316449,0Y3TxCby*v
Ashley,Jordan,jfletcher@yahoo.com,7226898968,q7g8UT4f+f
Patrick,Johnson,jacob61@yahoo.com,8676578817,(c+dS*0if1
Alexandra,Mccann,jonesjose@yahoo.com,8776433634,N6LIiXfQ&&
Jessica,Johnson,bryan18@morris-evans.net,8854553997,i&2QQ3Ghy1
Mary,Mcintosh,davidcolon@williamson-hall.info,9738209679,9%9GOpaC#I
Jack,Warner,madeline19@woods-barajas.com,9464901386,_eX&^FqIx1
Mark,Dennis,jordantiffany@hotmail.com,6784607412,V@1@TyvS^w
Kathryn,Valenzuela,martinezrobert@yahoo.com,8849794441,*5kZNusa+B
Karen,Mitchell,robrien@yahoo.com,8356208074,!u1FvUr5qd
Eric,Bates,qjohnson@gmail.com,6998330797,j0_utZ2m_i
Melissa,Cooper,kharris@yahoo.com,6780887971,&0H(vtuz$D
Jennifer,Diaz,jamiebrown@anderson.info,8136413599,WY&70HNgA8
Philip,Larson,morrowlauren@miranda-moore.com,9459241385,(6cTPq$oJI
Andrew,Mays,heathervazquez@gmail.com,6772483184,_9(KX@gN&T
Chase,Smith,amanda06@gmail.com,7929118766,*kwIzH5p!1
Todd,Rodriguez,christinaprice@dougherty.com,6138008772,w_F4N5lp+@
James,Collins,wrightchristina@yahoo.com,6255231507,_0II1skc#U
Deborah,Fuller,denise89@murray-harmon.net,8417687489,Z!UP05UxKE
Danielle,Mendoza,whart@campbell.com,7889818994,i37e1JUws@
Steven,Khan,jeremybarry@massey.org,8276176040,U&3zRQra1v
Kevin,Dixon,melissa90@bailey.org,7593966124,9I92oNIlB*
Eric,Marquez,emily20@wilson.com,8201894933,@rB2ofye8r
Jerry,Parker,robertjacobs@white.com,9867986993,9$iir&Xo%q
April,Glenn,wyoung@hotmail.com,6574130403,c&4FTByT^o
Derek,Brooks,allenfelicia@schneider.com,8199153882,86CEpmNb)L
Roger,Webb,julie50@doyle-collier.com,8226157677,_bkiGWh+e0
Joe,Norris,katrina83@yahoo.com,9054086131,xCB9LOfm8(
Tamara,Odonnell,dukeshelby@yahoo.com,6602348132,&2@4CWcbVI
Donna,Mccoy,brandy34@silva.com,8967670752,E*2^QFFn+D
Denise,Lyons,pamelaclay@smith.com,9481898312,Pn4NgIcom%
Katherine,Sanchez,mossheather@wilson.com,6686454940,1kG8rOZ@^v
Pamela,Melton,jasonramos@yahoo.com,7384964288,$k6Wc6H&s%
Zachary,Mejia,taylorgary@gmail.com,9782666127,W*4BSrRgnw
Justin,Hurst,christopher84@hotmail.com,7613550044,Ex^PJUlB%0
Michael,Barnett,mike81@moore.com,6407128344,Df8*NG+n&K
Aaron,Dean,dianemaldonado@perkins-arnold.com,7089696234,Bp4Rfwtlo^
Sandra,Schwartz,christopherwong@dixon.com,6113559696,#A0tNu$p(S
Kevin,Fitzpatrick,lewisrobert@alvarez.com,9833910473,%lSUvfPmg3
Carlos,Torres,david52@gmail.com,6923370220,(6IMtZ!se2
William,Anderson,nicholas38@miller.org,7499612736,^t!33CivHU
Kara,Walker,thomasjennifer@hotmail.com,7182246931,Fbw%8Rck)b
Mitchell,Martin,amy46@lane-skinner.net,9573103257,5R7BRxlY5$
Sarah,Ayers,ztanner@williams-hood.com,7731282527,!Ar8XGl9Bd
Steven,Roach,james77@gmail.com,7487645309,Xh6e*yNl#+
Kristi,Mcdaniel,joshuacarroll@david-powell.net,6261571122,s@27Aib(us
Patricia,Harris,yatescaroline@douglas.com,6839794146,%4J_HYu1&j
Patricia,Dennis,ymartinez@herrera.com,6356309236,L(6OQJmPH2
John,Ford,waltonmary@wilson.info,8766464415,!8m86HtEo$
Madison,Hernandez,emily37@gmail.com,6353121387,Pohs*4Ep7*
Catherine,Patterson,chrishanson@yahoo.com,8028935795,S2+3Kjf5ps
Lauren,Solis,shannonford@davis.com,8500639575,n1Btg8Xx@k
Tyler,Chung,sarah00@yahoo.com,9764720522,^29cd3Tg0G
Dennis,Allen,noahhughes@gmail.com,7183668599,!K&7TvgH5$
Maria,Gardner,susan36@hunt-cook.com,6727101289,#z3KypigSL
Luis,Contreras,amber23@king.net,7537400443,!xXIF@d!39
Jennifer,Gonzalez,sarah32@chung-russell.com,9539716173,$Aw$S9Oq!2
Nathaniel,Black,maria82@wilkins.com,9644309724,Zo#UdzOs(2
Kirk,Carter,qfuller@burke.biz,8987087216,$2RpRdpsRt
Dawn,Garcia,alicia24@yahoo.com,7204849943,w8h(w$Bx$0
Carol,Ortega,amber89@mccarthy.com,9147175214,NkcVVs^_(3
Randall,Baker,ramirezhelen@hernandez.com,6993691252,D(p1TMUU#s
Jessica,Drake,ugarcia@holland.biz,8253427628,$K9u)STnc4
Ronald,Martinez,lindahaynes@hotmail.com,9792965677,H#w8Rjh7KV
Jessica,Allen,xclark@hotmail.com,8554326945,3dUukzes+6
Patrick,Grant,nicholstonya@allen.biz,9187278212,!4CG9JNeQP
Anna,Andrews,cummingskim@gmail.com,6998413445,24B1aq6_)@
Daryl,Rose,john49@walker.com,9173989863,4bCNuX8T!d
Mitchell,Miller,ulee@hotmail.com,7536422662,s*c3vSny@c
Jose,Howard,vazquezjesse@yahoo.com,8744924268,k0TUX%^h_Y
Mary,Williams,cynthia45@yahoo.com,6134477309,*5YV#9tvLg
Yvette,Sawyer,wallermegan@yahoo.com,7014639100,$b%VU8KtMj
Micheal,Reeves,wilkersontiffany@garza.com,8767605764,%7PFVqnniu
Tara,Camacho,josealvarado@yahoo.com,6314361054,5j$2sQ$9#4
Brian,Weber,sheila89@gmail.com,6998992029,D7(9Jb)xrh
David,Henderson,johnsontravis@hayes-gordon.biz,8725152612,fq0H(@9gt*
Daniel,Torres,christine83@yahoo.com,7889025263,$8KF19fctD
Eileen,Lee,olivia49@morrison.com,6089597898,jj1P17o8&a
Stephanie,Smith,deborah77@yahoo.com,7798893744,mD8X0NfwP@
Jonathon,Smith,russell66@yahoo.com,8452277151,(i#72KIdjD
John,Glenn,justinwong@gmail.com,8204886842,(qd9Zb3HL+
Christine,Walker,hjordan@hill.info,7613484031,7&21VoxEGy
Julie,Curtis,flee@yahoo.com,7543908955,)3WAUXUUCc
Christina,Simpson,lisa89@gmail.com,9772514055,(SYisq(s1B
Kayla,Nguyen,omarroy@adams.info,9370145933,Lj!9T8Rc@C
Troy,Tran,rrivas@wolfe-mcneil.net,8483619823,#0n5OAcf#o
Frank,Brown,natalie15@sexton-mendoza.com,7817842676,f7%960Tr)4
Megan,Stanley,monica29@silva-rice.org,8885380036,$&^G6rIu1v
Cynthia,Caldwell,adamwilliams@lawson.info,7801711433,0R2Jb(vQ*j
Patricia,Morrison,bprice@gmail.com,6506588731,tqd3YLll)v
Kellie,Morgan,stewartandrew@yahoo.com,9936865290,dM)JZ7(k^2
Lauren,Torres,ehall@frank.com,7676712920,rZS*0Kbxc$
Justin,Washington,natashamann@yahoo.com,8538741310,gZ!64qUeut
Joy,Parker,ellistanner@hotmail.com,7379165017,0j9mQd2t@2
Kristen,Owens,abarron@yahoo.com,9512818781,ixf3YNh*Z@
Kirk,Jackson,cgay@ruiz-hendricks.com,7347593385,@Y+8AGZeR@
Anthony,Myers,carlwalker@yahoo.com,9693132016,)%i3w8LkLe
Jennifer,Lowe,reginagardner@yahoo.com,7178095961,9O8PZoQt7@
Laura,Brown,abrown@schmitt.com,7820752912,rf2HuBOak_
Carrie,Hansen,ofoster@jones-hancock.com,9301268945,@#$bt2Imc8
Denise,Rice,hicksanna@gmail.com,6774822634,F@3#oUi04p
Dawn,Thomas,nmiller@murphy.biz,9158423303,(G5iw2Myr8
Kayla,Schwartz,turnermatthew@yahoo.com,7391496574,&UC1+NpvYz
Nicholas,Maxwell,angie40@gmail.com,8605086464,G%5)J*dr)I
Lynn,Leblanc,othornton@li-barajas.com,7325574584,I))6m33ocJ
William,Walker,michael42@hotmail.com,6642890440,zSJ7tUjfb_
Laura,Lopez,karenbowman@wright.com,9344004619,3*G$lYjM@&
Melissa,Lawrence,nicole92@hotmail.com,7855328727,#EbZWOoeN5
James,Shepard,katelynboyd@gordon.com,9400761657,AV7)Tjv0(h
Heather,Simmons,craigsteele@yahoo.com,6197201504,d^5RHDvsM(
Becky,Hayes,paynemichael@taylor-brown.com,7962153247,7QIAT$S&^e
Kurt,Hale,crossalicia@yahoo.com,7454216051,%DD2SEio@#
Roy,Hoffman,pauljohn@lewis.info,7662300469,ZAgJSAUz&5
Nicole,Thomas,ecook@gmail.com,6113872700,wKMaLZRq!1
Danny,Blair,dvasquez@gmail.com,8727547034,(2TCgbTLS3
Ray,Mckinney,laurenmccarthy@friedman.com,7025235577,&7(BLBmkIg
Christina,Delacruz,peterjohnson@hotmail.com,6995965736,&*$lwFg369
Latoya,Miller,earnold@mcdonald-smith.com,8133709962,%OF1Qi+Ko3
Dale,Brooks,smithsamuel@short.net,9568175280,G4+2PpXsFu
Meredith,Lewis,uhicks@rodriguez.com,8909936978,@kkSrn+EU9
Amanda,Andrews,wilsonstephen@barnes.info,6071608455,_Y%n3MOwGV
Julia,Schwartz,tracyabbott@turner-vang.net,9932723890,2z90BLh5s#
Kevin,Ali,lisachan@sims-gibson.info,8375834114,&iAn6QS#W6
Maria,Landry,tabbott@yahoo.com,7067563238,7!1&(4BpIi
William,Johnson,shermanaaron@yahoo.com,8420062203,Sih2BjNu(q
Jessica,Morrow,kristen20@yahoo.com,9999119067,Z9nFwZn5#0
Chelsea,Ryan,dirwin@yahoo.com,6204653522,ZYVtDdvt+3
Alan,Frye,nicole75@wade.com,8625355928,lGGFHHvm^1
Diana,Ward,bryce28@yahoo.com,7870294635,$1EIGJeWM7
Catherine,Brown,tatebrian@gmail.com,7743406435,$7Y7%9nqfx
Richard,Carr,gabrielawheeler@lynn-williams.biz,8464692987,5!1BV!+rsY
Shelby,Hughes,david87@thompson.org,6027373889,5F++TJ@j^P
Kayla,Valencia,thomasjennifer@yahoo.com,6052015955,^r64L4Hf$g
James,Contreras,sydney40@hotmail.com,6110809287,m3L7cf_$!@
Craig,Taylor,nicole21@garcia.com,6853046790,cy3dX%ff#x
John,Carter,gail92@gmail.com,7361085890,Ek#9I^jqw3
Tricia,Love,max87@hotmail.com,8550877463,_%+EwVbrp2
Richard,Harvey,rpugh@mullen-roberson.info,8565940374,W@m7%Vr4D8
Marissa,Scott,aaronbecker@yahoo.com,7088664774,!6h+nC6hwp
David,Barnes,qbryant@gmail.com,7088858747,&9*ByiQn$g
Marilyn,Thompson,michaelsimmons@yahoo.com,6919766805,lvK9%V^5@4
Justin,Sanchez,jeffreyoneill@black.com,8769607303,+&7SvmomZ7
Richard,Owens,ajensen@hotmail.com,8319674420,(yTx$zqcj3
Joshua,Roberts,emily87@gmail.com,7896566515,!XtT)PLj#3
Brian,Scott,kellybishop@duke-green.com,7369679783,!xX_D4pYY6
Monica,Sampson,michaelhunter@hotmail.com,9313365120,*fg*3&Je#Q
Elizabeth,Sloan,marie59@yahoo.com,8368726760,1&3yNiFq)M
Kim,Benson,brownmargaret@oconnor.com,8738340123,WTMQgDd1+7
James,Peterson,loveregina@yahoo.com,9611104708,P*5c%zRu)0
Joseph,Woods,xdavis@smith.com,9800349885,uY1TEtp6U_
Carol,Wilson,gibsonmichael@yahoo.com,9556086923,wR4TSWzhb*
Andrew,Roberts,nicolemoreno@jackson.com,6462629515,!$cKcWQt)0
Kristina,Moss,loganerin@hotmail.com,7015436096,QU^7Jpul@7
Travis,Hubbard,rickfrazier@yu-jarvis.com,6051714471,ZL5Akcr06&
Robert,Ayala,mark45@harper.info,9583917448,M02oRUu@$z
Brian,Wells,nelsondiane@hotmail.com,9991670202,Lm@8MhTj%f
Gary,Monroe,ijohnson@brown.biz,8301338184,wx_5w+VLV&
Melissa,Moyer,nancyjones@martinez.net,7146684891,SC@j7VAsD8
William,Powers,pamelachristensen@lee-mathis.org,8269006160,T%84mDBcR+
Shawn,Prince,nlewis@roy-camacho.net,8680433210,#BUD6Eo)T@
Shane,Miller,merrittkyle@espinoza.com,9934306874,YvhV3ybc#2
Barbara,Griffin,olsonlauren@reese.info,6909097276,k^nE7CnHDm
Samuel,Kim,danielle38@hotmail.com,9864655222,^*SJmoOk2F
Teresa,Hunt,brownjose@bradford-roberts.info,8910602008,R87YIIc2#0
Michael,Cooper,andrew48@gmail.com,8385065785,d6)20kQm$t
James,Dalton,richard40@stout-james.com,8953305126,+5m4W_iAR2
Seth,Carson,alicia83@watkins-hall.info,9526159299,$8gD7e%oF1
Darren,Howard,zhill@robinson.net,6266163850,+KUkkI(+p4
Amy,Griffith,floresevan@hotmail.com,6946182787,&tQ284Osi2
William,Parker,ramirezcarolyn@hotmail.com,8072955574,@q2ZblJGo3
Eric,Medina,iriddle@yahoo.com,7317768528,x63JsYQu$@
Edwin,Jones,craigjones@palmer.info,9882731337,TX85P9Oh(h
Stacy,Jenkins,donaldmartinez@garcia.com,9652484705,%K3aOQwzr1
Dan,Wilkerson,holdermatthew@smith.info,8883505505,&FOq0*Fe8x
Kristen,Brown,evansjerry@hotmail.com,6363143478,*ZIN0Dp0D)
Ryan,Padilla,sliu@bauer-fox.net,6482818033,A$1YQmc0$u
Allison,Parker,nicholasweber@yahoo.com,9807937960,3psI4Won)E
Brian,West,fwatson@valentine.com,9830727357,+m142Ru#iZ
Justin,Clark,rwest@yahoo.com,7637915645,ZK)5G0TzE$
Matthew,Kim,kentharris@hartman-johnson.org,8383539887,)@3TlW%)bl
Jason,Thomas,nancy18@gonzalez-alvarado.com,8085129288,l#3DXdn@8R
Margaret,Burton,amy41@yahoo.com,7281521320,Ov(6gHgsr)
Cassidy,Munoz,james23@harrison.com,8014651161,pl9Xouuq8!
Catherine,Taylor,jonesdavid@yahoo.com,9713012222,!G7@ASLG7k
Cesar,Adams,bennettamanda@carter-robinson.info,6372509211,I&6aAbmEew
Destiny,Weber,angelaquinn@hotmail.com,7168398722,&00wEeVAa5
Ashley,Jackson,gregory64@parker-taylor.com,9357721801,8s0Nzx2h#!
Billy,Park,gregramirez@perry.org,6266145287,7&RVor9M_5
Carlos,Trujillo,mandycarey@hotmail.com,6578344798,Xh3LVRzy)n
Lauren,Smith,brandy64@gmail.com,6574499777,^HiT@fo)X3
Robert,Rangel,pbishop@mcguire-lopez.com,8720138703,+@fIQhp!&4
Lee,Barnett,noahbarnes@jackson.biz,7906969829,Y9H@bJbh*9
Christina,Frank,kenneth74@reyes.com,9201115563,%#yv5ASg#9
Laura,Garcia,ibaxter@moyer-lee.net,6513318660,IZn!0Y7j#h
Dale,Martin,mgarrett@mcdonald.com,9149365951,_%PmFdWNN9
Sherry,Mccarty,porterwilliam@gonzalez-page.com,8877414264,3D(zB(nX)z
Charles,Rich,jamesbarry@hotmail.com,7378217985,OOOB6#aaB)
Deborah,Gross,cindy26@sloan.com,9617546418,0OBGfdBF%$
David,Morgan,danielkim@hotmail.com,6786119632,r2PKxqEo)u
Donald,Carr,cunninghamtonya@hotmail.com,9082395713,H97)@V#v&g
Danielle,Petty,fishertheresa@yahoo.com,6512808982,@Ht8nEv@n+
Courtney,Khan,thomas42@gmail.com,7432172791,Ha@6OXksux
Sandra,Ward,marylara@gmail.com,7509521787,7Xc_&2Nq!^
Alicia,Phillips,andersondarlene@carter.org,6816377596,OpS^ibW6K%
Jamie,Lee,johnanthony@yahoo.com,7714350200,qu_5RbssJ_
David,Patel,joelhammond@gardner.com,7621457239,3c$46Lhjp@
Rebecca,Hawkins,ddennis@gmail.com,7165993955,zr50UyjPZ$
Destiny,Knight,kharris@mcfarland.net,9588657162,w!G76K+f%#
Carl,Shelton,kellycody@hotmail.com,9601631564,Z)(+taZuK8
Theresa,Ortiz,bcolon@hotmail.com,9482551432,U)U020oonO
Gregory,Park,brownperry@gmail.com,8857087885,_9Lfjq32pJ
Claire,Crawford,corey05@jacobs.com,8317967879,!#1tY3HYMc
Tara,Fisher,poolecheryl@hotmail.com,8585024784,#l*e4IFwN7
Kenneth,Allen,valerieharding@fitzgerald.com,7730055276,5PZj43U0&0
David,Black,jamesnatasha@duncan.com,6073369525,^YN1o6Hvzn
Jeremy,Edwards,theresa70@rich.com,7349246030,n&*c0Wa+Qe
Wendy,Smith,sarahsullivan@hotmail.com,7391195875,@_!+9kAfrz
Joshua,Wheeler,ryork@hotmail.com,9755879644,!2zVaS(X7v
Derek,Preston,delacruzjames@yahoo.com,7195204971,1hDs!9Qpg(
William,Little,jennifer31@yahoo.com,7498361199,W!5pwbHWDr
Chad,Anderson,lindsaybell@bird.com,9529464076,wbj5Xtw!)3
Robert,Smith,calebjohnson@snyder.com,8378501498,qo8CYbpI)L
Vincent,Best,kathleen36@alexander.biz,7182973561,##0Csai)T(
Ashley,Johnson,johnsondavid@ramirez.info,6064459256,_j9QeO1^jw
Alison,Parker,shieldsjill@yahoo.com,7204803883,77%oTG&q#3
Jacob,Mcgee,baxterfranklin@hebert.biz,8872754107,@Q4FbDIn*t
Tracy,Brown,ramseyloretta@west-campbell.com,8281558591,)m3X^lGfk#
James,Smith,kimberly85@gmail.com,8337392757,UJ^!3Ap3(t
Cody,Hamilton,pricejoseph@chan.com,7266608681,HC%0UbXlP+
William,Shepherd,masseyabigail@whitaker.com,8159330944,*98RO&4bn&
Scott,White,darleneporter@yahoo.com,6719819373,G4K&!jGm_6
Kyle,Conner,coxsharon@yahoo.com,7728671475,)y4425JyQG
Lucas,Costa,kirkrebecca@herrera.com,9671627425,ft7UI9Y*r@
Cristina,Taylor,jenniferjohnson@hendricks.com,6979712755,!pG7EVuwML
Vincent,Bryant,kirkpetersen@gmail.com,8378373545,R#Y8dBQgnm
Jose,Gonzales,hernandezdouglas@coleman.biz,9554748748,_5Y1Hx%Yl+
Jerry,Bolton,julia77@rice.net,7518059377,LKP+2H#fa2
Jamie,Conner,mark19@pollard.net,6106545744,&_$7UEdq))
Thomas,Jacobs,emilycarroll@gmail.com,6226370303,i96q^(Lk_+
Morgan,Shields,zhill@rice.net,6295253206,%HDXE3aC51
John,Hunter,gonzalesrobert@hotmail.com,7899094424,vZpO2YkyM!
Jonathan,Mason,pmurillo@henry.org,6666597376,mJ*9doQsZ!
Julie,Merritt,vincentthomas@watson.net,6366700501,TWkd2+ChQ)
Kelly,Page,wilkersonlinda@jones-deleon.org,7491554861,GZ6zRgw5(P
Sherry,Murphy,qritter@bridges.info,6714493945,G#b7YR8n4d
Natalie,Gordon,mmcclain@lewis.biz,6225624173,i2I!UGN4+l
Jennifer,Maldonado,qschmidt@yahoo.com,8432047530,#79Kd&mL10
Amanda,Sanders,jeffersonharold@gmail.com,7666864823,c3kMiOc6^V
Todd,Duarte,brownjack@wilson-moss.org,7523551647,S)Ga1_wzBJ
Sandra,Baker,juan64@hood.org,7614950829,7z#WTkb6$9
Eric,Rose,tina49@hotmail.com,7294132595,l#Mx6VxYAR
Ricky,Fisher,angelamartin@hotmail.com,8155746888,8p)2@JfmRE
Nicole,Lane,fitzgeraldcharles@yahoo.com,7170557723,J#1xpEUq&*
Julia,Hobbs,pwagner@mata-rivera.com,7418213184,c9+kTZFg+s
Ronald,Williams,pcarroll@chan-moody.com,6272623853,#)$Om4GeA!
James,Sanders,nathanvaldez@gmail.com,6544316147,^v)i29Ukx1
Jeremiah,Phillips,blacktonya@hotmail.com,9912460362,_iZ_9IrB&q
Mary,Moody,casey74@smith-wiley.info,9975868705,JlX1ORt1#4
Antonio,Sexton,julie12@hotmail.com,9627493860,ANL9YMYlU#
Nicole,Thompson,schmidtnathan@brown-turner.com,9322021480,l2C3MdeN+F
Catherine,Chambers,alvaradobrianna@johnson.com,8258200199,#iH9&G)nJ1
Laura,Neal,victoria78@gmail.com,7259431596,Hb2KPOaF#&
Tasha,Burns,lisamartinez@hotmail.com,9406086263,^uj4qShsgM
Kenneth,Silva,simpsondominique@gmail.com,9659998586,Wj69X@Fwv$
Victor,Pratt,comptontodd@caldwell.com,8769499206,!yFL9j+xS7
Jose,Rogers,ianderson@hotmail.com,6455786905,r6NY#rBT+M
Martha,Erickson,dmartin@phillips-hanson.info,6392607109,Ov*86AQc2(
Tamara,Jackson,thoward@foster-torres.com,7151557675,N6QH&Mrq%3
Dylan,Anderson,rallen@richards.com,8382146480,%m5qHtv7H%
Curtis,Clark,lconley@schaefer-jackson.biz,8152836973,@iMSC(UIq2
Sandra,Chase,darrell46@yahoo.com,7241391144,21S7zURc&R
Sharon,Moyer,katherine45@hotmail.com,9273731805,+mNvFvKJ0E
Jorge,Rose,kathryn23@morales-willis.com,9343028884,c5eR_Hg6%0
Xavier,Johnson,rhodesjoshua@nelson-rogers.com,6204448249,V1MietUP&Q
Whitney,Clark,robert77@smith.com,6169529839,&l0cC65kQ1
Gary,Huang,dwayne93@roberts.com,9399295362,09ESbxyS%R
Haley,Williams,theresa92@perez-cruz.com,9556383470,CG0H(eHa*K
Anthony,Mata,gabrielle80@lopez-elliott.com,9292017138,C^ekp2Wm+j
Jasmine,Moore,jessicalopez@gmail.com,7571002130,^47M*H4g1u
Willie,Underwood,williammayo@smith.org,6734944790,2YyLiP%E$6
Ryan,Thompson,thomasashley@nelson.com,7620373723,+7kHmb1GUa
Jeffrey,Garcia,melanie23@yahoo.com,6181724688,x)o3WCad^V
Ann,Nguyen,cherylnichols@hotmail.com,6430153803,!eKaBkP+e8
Tanner,Chapman,anndean@torres.com,7292490866,KdZrpkOA)5
Joel,Ramirez,pamela74@gmail.com,6537933880,!+w80Mqxl#
Jessica,Atkinson,josephfernandez@hotmail.com,6177936702,(bZMjOVyf4
Victoria,Arias,thomaswoods@gmail.com,7266486841,P*rX9ZFvyg
Victoria,Green,natashahansen@hotmail.com,9091526088,(#27KBbeyY
Jeffrey,Palmer,wilkersonheather@hotmail.com,7131849066,^b1N9X2p*^
Michael,Blackburn,cherylbrewer@mendoza-cruz.biz,8163952382,c9YQgxLc!q
Shannon,Brown,matthew91@yahoo.com,7670019428,R*3Tu7FydG
Heather,Cox,josephowens@hotmail.com,9916443757,l7p_9YsQ7$
Hannah,Davis,ijones@thompson-lamb.org,9753937258,*L9D#Ulpat
Christopher,Haynes,jessicanewton@cuevas.com,7180944198,%&5Tr6Upx6
Karen,Cameron,brendawhite@hotmail.com,6573807518,M5QvKIct@I
Kelly,Wagner,courtney81@yahoo.com,6622825302,5Wl)Fq8w@o
Timothy,Burns,mpatton@fitzgerald-jones.info,8154033489,G@$5nLWu0#
Daniel,Hansen,andrewadams@gray.net,8299957107,5cQ#4A5qm8
Gwendolyn,Fox,vincentjared@hotmail.com,9833456844,B6OoH4t9@^
Janet,Whitaker,lisa49@hotmail.com,9597390356,!5amGLkw@g
Lance,Johnson,robinsonmark@yahoo.com,7099058093,b38lhzTv)K
Donna,Adams,randy60@yahoo.com,9183781945,fV0ME+iU2&
Calvin,Stewart,lmcdowell@curtis.net,6679033183,2pK4KZlP#u
Gabriela,Holt,shawerika@hernandez.info,8155149993,4(5Ih2Ex_G
Autumn,Berry,william53@mullen.com,6178015653,+vSw9BKj(Y
Joshua,Garcia,ewaters@hotmail.com,7619038712,%8mR^wyhXg
Sarah,Hunter,jamessmith@romero-taylor.info,9303085912,o+2O_y+T(3
Peter,Roberts,mary21@perkins.biz,7221777108,6@44oQUm08
Taylor,Taylor,heathergarcia@nelson-dunn.com,7878196246,nqUOBU*A!3
Jimmy,Carter,allenchristopher@gmail.com,8901256562,KM&j0JvAA+
Karen,Norris,armstrongchristopher@yahoo.com,6423863416,^9aMW(nq&M
Kim,Huang,angela44@moore-luna.org,6317068880,sJYT(u2$!8
James,Olson,cameronmaria@hurley-powell.com,9731502925,)R2oF2+v9c
Brittany,Walker,melissa67@hotmail.com,8559850399,M73BoOft*Q
Kathy,Greene,medinalucas@brown.com,9056915053,(_1AtuE@&i
Mitchell,White,francisashley@cobb.com,9760205780,^94T+Soga$
Jacob,Smith,joemcgee@golden.com,7805418146,c&9mkZvism
Maria,Navarro,jenkinsdaniel@ryan.com,9287620968,$3W9+&mNB+
Amber,King,vreynolds@hughes-allison.org,8472826548,R(6jJgmHA&
